ticker,calibration_mentions,calibration_posts,p0,p1,supported
AA,0,5311,9.412650602409639e-05,0.00018825301204819278,False
AAA,1,5311,0.00028237951807228914,0.0005647590361445783,False
AAL,10,5311,0.001976656626506024,0.003953313253012048,True
AAP,0,5311,9.412650602409639e-05,0.00018825301204819278,False
AAPL,99,5311,0.01873117469879518,0.03746234939759036,True
AB,3,5311,0.0006588855421686747,0.0013177710843373493,False
ABBV,10,5311,0.001976656626506024,0.003953313253012048,True
ABCL,1,5311,0.00028237951807228914,0.0005647590361445783,False
ABNB,8,5311,0.0016001506024096385,0.003200301204819277,True
ABT,2,5311,0.0004706325301204819,0.0009412650602409639,False
ACB,3,5311,0.0006588855421686747,0.0013177710843373493,False
ACN,6,5311,0.001223644578313253,0.002447289156626506,True
AD,0,5311,9.412650602409639e-05,0.00018825301204819278,False
ADBE,5,5311,0.0010353915662650603,0.0020707831325301206,True
ADI,0,5311,9.412650602409639e-05,0.00018825301204819278,False
ADP,1,5311,0.00028237951807228914,0.0005647590361445783,False
ADSK,0,5311,9.412650602409639e-05,0.00018825301204819278,False
AFRM,0,5311,9.412650602409639e-05,0.00018825301204819278,False
AGNC,0,5311,9.412650602409639e-05,0.00018825301204819278,False
AGTC,5,5311,0.0010353915662650603,0.0020707831325301206,True
AHT,1,5311,0.00028237951807228914,0.0005647590361445783,False
AKA,3,5311,0.0006588855421686747,0.0013177710843373493,False
AKBA,0,5311,9.412650602409639e-05,0.00018825301204819278,False
ALB,0,5311,9.412650602409639e-05,0.00018825301204819278,False
ALGN,0,5311,9.412650602409639e-05,0.00018825301204819278,False
ALLY,1,5311,0.00028237951807228914,0.0005647590361445783,False
ALOT,1,5311,0.00028237951807228914,0.0005647590361445783,False
AMAT,7,5311,0.0014118975903614458,0.0028237951807228916,True
AMC,62,5311,0.011765813253012049,0.023531626506024098,True
AMD,61,5311,0.011577560240963855,0.02315512048192771,True
AMGN,1,5311,0.00028237951807228914,0.0005647590361445783,False
AMMO,4,5311,0.0008471385542168675,0.001694277108433735,False
AMT,2,5311,0.0004706325301204819,0.0009412650602409639,False
AMTD,0,5311,9.412650602409639e-05,0.00018825301204819278,False
AMZN,32,5311,0.006118222891566265,0.01223644578313253,True
ANET,0,5311,9.412650602409639e-05,0.00018825301204819278,False
AP,1,5311,0.00028237951807228914,0.0005647590361445783,False
APD,2,5311,0.0004706325301204819,0.0009412650602409639,False
APHA,16,5311,0.0031061746987951807,0.0062123493975903615,True
API,10,5311,0.001976656626506024,0.003953313253012048,True
APP,1,5311,0.00028237951807228914,0.0005647590361445783,False
APPH,6,5311,0.001223644578313253,0.002447289156626506,True
APPS,3,5311,0.0006588855421686747,0.0013177710843373493,False
APTV,1,5311,0.00028237951807228914,0.0005647590361445783,False
AQB,1,5311,0.00028237951807228914,0.0005647590361445783,False
AR,10,5311,0.001976656626506024,0.003953313253012048,True
ARCT,2,5311,0.0004706325301204819,0.0009412650602409639,False
ARDX,1,5311,0.00028237951807228914,0.0005647590361445783,False
ARKF,18,5311,0.003482680722891566,0.006965361445783132,True
ARKG,24,5311,0.004612198795180723,0.009224397590361446,True
ARKK,62,5311,0.011765813253012049,0.023531626506024098,True
ARKQ,9,5311,0.0017884036144578312,0.0035768072289156625,True
ARKW,11,5311,0.002164909638554217,0.004329819277108434,True
ARKX,9,5311,0.0017884036144578312,0.0035768072289156625,True
ARR,2,5311,0.0004706325301204819,0.0009412650602409639,False
ASA,2,5311,0.0004706325301204819,0.0009412650602409639,False
ASAN,0,5311,9.412650602409639e-05,0.00018825301204819278,False
ASML,9,5311,0.0017884036144578312,0.0035768072289156625,True
ASO,6,5311,0.001223644578313253,0.002447289156626506,True
ASTS,1,5311,0.00028237951807228914,0.0005647590361445783,False
ASX,3,5311,0.0006588855421686747,0.0013177710843373493,False
ATAI,0,5311,9.412650602409639e-05,0.00018825301204819278,False
ATER,0,5311,9.412650602409639e-05,0.00018825301204819278,False
ATOM,0,5311,9.412650602409639e-05,0.00018825301204819278,False
ATOS,1,5311,0.00028237951807228914,0.0005647590361445783,False
ATR,4,5311,0.0008471385542168675,0.001694277108433735,False
ATVI,1,5311,0.00028237951807228914,0.0005647590361445783,False
AUPH,2,5311,0.0004706325301204819,0.0009412650602409639,False
AVGO,9,5311,0.0017884036144578312,0.0035768072289156625,True
AXP,2,5311,0.0004706325301204819,0.0009412650602409639,False
AZN,8,5311,0.0016001506024096385,0.003200301204819277,True
AZO,1,5311,0.00028237951807228914,0.0005647590361445783,False
BA,16,5311,0.0031061746987951807,0.0062123493975903615,True
BABA,15,5311,0.002917921686746988,0.005835843373493976,True
BAC,6,5311,0.001223644578313253,0.002447289156626506,True
BAM,0,5311,9.412650602409639e-05,0.00018825301204819278,False
BARK,0,5311,9.412650602409639e-05,0.00018825301204819278,False
BB,36,5311,0.006871234939759036,0.013742469879518071,True
BBB,1,5311,0.00028237951807228914,0.0005647590361445783,False
BBBY,0,5311,9.412650602409639e-05,0.00018825301204819278,False
BBIG,0,5311,9.412650602409639e-05,0.00018825301204819278,False
BBW,4,5311,0.0008471385542168675,0.001694277108433735,False
BBY,0,5311,9.412650602409639e-05,0.00018825301204819278,False
BC,3,5311,0.0006588855421686747,0.0013177710843373493,False
BCRX,0,5311,9.412650602409639e-05,0.00018825301204819278,False
BEAM,4,5311,0.0008471385542168675,0.001694277108433735,False
BEEM,0,5311,9.412650602409639e-05,0.00018825301204819278,False
BEP,2,5311,0.0004706325301204819,0.0009412650602409639,False
BEPC,0,5311,9.412650602409639e-05,0.00018825301204819278,False
BETZ,1,5311,0.00028237951807228914,0.0005647590361445783,False
BFLY,3,5311,0.0006588855421686747,0.0013177710843373493,False
BGFV,0,5311,9.412650602409639e-05,0.00018825301204819278,False
BHP,3,5311,0.0006588855421686747,0.0013177710843373493,False
BIDU,4,5311,0.0008471385542168675,0.001694277108433735,False
BIIB,0,5311,9.412650602409639e-05,0.00018825301204819278,False
BILI,1,5311,0.00028237951807228914,0.0005647590361445783,False
BILL,0,5311,9.412650602409639e-05,0.00018825301204819278,False
BIO,2,5311,0.0004706325301204819,0.0009412650602409639,False
BKNG,0,5311,9.412650602409639e-05,0.00018825301204819278,False
BLDP,1,5311,0.00028237951807228914,0.0005647590361445783,False
BLDR,1,5311,0.00028237951807228914,0.0005647590361445783,False
BLK,0,5311,9.412650602409639e-05,0.00018825301204819278,False
BLNK,7,5311,0.0014118975903614458,0.0028237951807228916,True
BLOK,0,5311,9.412650602409639e-05,0.00018825301204819278,False
BMBL,2,5311,0.0004706325301204819,0.0009412650602409639,False
BMO,4,5311,0.0008471385542168675,0.001694277108433735,False
BMY,4,5311,0.0008471385542168675,0.001694277108433735,False
BND,7,5311,0.0014118975903614458,0.0028237951807228916,True
BNGO,1,5311,0.00028237951807228914,0.0005647590361445783,False
BNTX,3,5311,0.0006588855421686747,0.0013177710843373493,False
BOOM,1,5311,0.00028237951807228914,0.0005647590361445783,False
BOTZ,3,5311,0.0006588855421686747,0.0013177710843373493,False
BP,10,5311,0.001976656626506024,0.003953313253012048,True
BROS,0,5311,9.412650602409639e-05,0.00018825301204819278,False
BTC,5,5311,0.0010353915662650603,0.0020707831325301206,True
BTI,3,5311,0.0006588855421686747,0.0013177710843373493,False
BTX,0,5311,9.412650602409639e-05,0.00018825301204819278,False
BUD,1,5311,0.00028237951807228914,0.0005647590361445783,False
BULL,1,5311,0.00028237951807228914,0.0005647590361445783,False
BURL,1,5311,0.00028237951807228914,0.0005647590361445783,False
BX,4,5311,0.0008471385542168675,0.001694277108433735,False
BYD,0,5311,9.412650602409639e-05,0.00018825301204819278,False
BYND,4,5311,0.0008471385542168675,0.001694277108433735,False
CAPE,1,5311,0.00028237951807228914,0.0005647590361445783,False
CARR,0,5311,9.412650602409639e-05,0.00018825301204819278,False
CAT,7,5311,0.0014118975903614458,0.0028237951807228916,True
CB,1,5311,0.00028237951807228914,0.0005647590361445783,False
CBOE,0,5311,9.412650602409639e-05,0.00018825301204819278,False
CCI,3,5311,0.0006588855421686747,0.0013177710843373493,False
CCIV,5,5311,0.0010353915662650603,0.0020707831325301206,True
CCL,12,5311,0.00235316265060241,0.00470632530120482,True
CCS,1,5311,0.00028237951807228914,0.0005647590361445783,False
CD,2,5311,0.0004706325301204819,0.0009412650602409639,False
CDC,6,5311,0.001223644578313253,0.002447289156626506,True
CELH,1,5311,0.00028237951807228914,0.0005647590361445783,False
CF,3,5311,0.0006588855421686747,0.0013177710843373493,False
CG,0,5311,9.412650602409639e-05,0.00018825301204819278,False
CGC,2,5311,0.0004706325301204819,0.0009412650602409639,False
CGNT,0,5311,9.412650602409639e-05,0.00018825301204819278,False
CHGG,2,5311,0.0004706325301204819,0.0009412650602409639,False
CHPT,9,5311,0.0017884036144578312,0.0035768072289156625,True
CHWY,3,5311,0.0006588855421686747,0.0013177710843373493,False
CI,0,5311,9.412650602409639e-05,0.00018825301204819278,False
CIBR,0,5311,9.412650602409639e-05,0.00018825301204819278,False
CL,0,5311,9.412650602409639e-05,0.00018825301204819278,False
CLF,2,5311,0.0004706325301204819,0.0009412650602409639,False
CLNE,1,5311,0.00028237951807228914,0.0005647590361445783,False
CLOV,2,5311,0.0004706325301204819,0.0009412650602409639,False
CLS,0,5311,9.412650602409639e-05,0.00018825301204819278,False
CLSK,0,5311,9.412650602409639e-05,0.00018825301204819278,False
CLX,1,5311,0.00028237951807228914,0.0005647590361445783,False
CMC,1,5311,0.00028237951807228914,0.0005647590361445783,False
CMCSA,3,5311,0.0006588855421686747,0.0013177710843373493,False
CME,0,5311,9.412650602409639e-05,0.00018825301204819278,False
CMG,3,5311,0.0006588855421686747,0.0013177710843373493,False
CMPS,1,5311,0.00028237951807228914,0.0005647590361445783,False
CNI,0,5311,9.412650602409639e-05,0.00018825301204819278,False
CNK,1,5311,0.00028237951807228914,0.0005647590361445783,False
COF,0,5311,9.412650602409639e-05,0.00018825301204819278,False
COIN,0,5311,9.412650602409639e-05,0.00018825301204819278,False
COMP,0,5311,9.412650602409639e-05,0.00018825301204819278,False
COP,0,5311,9.412650602409639e-05,0.00018825301204819278,False
CORP,4,5311,0.0008471385542168675,0.001694277108433735,False
COST,13,5311,0.0025414156626506024,0.005082831325301205,True
COTY,3,5311,0.0006588855421686747,0.0013177710843373493,False
CP,3,5311,0.0006588855421686747,0.0013177710843373493,False
CPA,0,5311,9.412650602409639e-05,0.00018825301204819278,False
CPNG,5,5311,0.0010353915662650603,0.0020707831325301206,True
CRM,18,5311,0.003482680722891566,0.006965361445783132,True
CRON,1,5311,0.00028237951807228914,0.0005647590361445783,False
CROX,0,5311,9.412650602409639e-05,0.00018825301204819278,False
CRSP,11,5311,0.002164909638554217,0.004329819277108434,True
CRSR,23,5311,0.0044239457831325305,0.008847891566265061,True
CRWD,13,5311,0.0025414156626506024,0.005082831325301205,True
CSCO,1,5311,0.00028237951807228914,0.0005647590361445783,False
CSIQ,3,5311,0.0006588855421686747,0.0013177710843373493,False
CSX,1,5311,0.00028237951807228914,0.0005647590361445783,False
CTO,5,5311,0.0010353915662650603,0.0020707831325301206,True
CTRM,1,5311,0.00028237951807228914,0.0005647590361445783,False
CTXR,2,5311,0.0004706325301204819,0.0009412650602409639,False
CURE,1,5311,0.00028237951807228914,0.0005647590361445783,False
CVM,0,5311,9.412650602409639e-05,0.00018825301204819278,False
CVNA,5,5311,0.0010353915662650603,0.0020707831325301206,True
CVS,4,5311,0.0008471385542168675,0.001694277108433735,False
CVX,5,5311,0.0010353915662650603,0.0020707831325301206,True
CZR,2,5311,0.0004706325301204819,0.0009412650602409639,False
DAC,0,5311,9.412650602409639e-05,0.00018825301204819278,False
DAL,8,5311,0.0016001506024096385,0.003200301204819277,True
DASH,8,5311,0.0016001506024096385,0.003200301204819277,True
DBX,1,5311,0.00028237951807228914,0.0005647590361445783,False
DDD,2,5311,0.0004706325301204819,0.0009412650602409639,False
DDOG,4,5311,0.0008471385542168675,0.001694277108433735,False
DDS,0,5311,9.412650602409639e-05,0.00018825301204819278,False
DE,6,5311,0.001223644578313253,0.002447289156626506,True
DELL,0,5311,9.412650602409639e-05,0.00018825301204819278,False
DG,10,5311,0.001976656626506024,0.003953313253012048,True
DHI,0,5311,9.412650602409639e-05,0.00018825301204819278,False
DHR,0,5311,9.412650602409639e-05,0.00018825301204819278,False
DIA,12,5311,0.00235316265060241,0.00470632530120482,True
DIDI,0,5311,9.412650602409639e-05,0.00018825301204819278,False
DIS,34,5311,0.006494728915662651,0.012989457831325301,True
DISCA,3,5311,0.0006588855421686747,0.0013177710843373493,False
DJIA,3,5311,0.0006588855421686747,0.0013177710843373493,False
DKNG,35,5311,0.006682981927710843,0.013365963855421686,True
DKS,5,5311,0.0010353915662650603,0.0020707831325301206,True
DLR,1,5311,0.00028237951807228914,0.0005647590361445783,False
DLTR,1,5311,0.00028237951807228914,0.0005647590361445783,False
DNA,2,5311,0.0004706325301204819,0.0009412650602409639,False
DNN,3,5311,0.0006588855421686747,0.0013177710843373493,False
DNUT,0,5311,9.412650602409639e-05,0.00018825301204819278,False
DOCN,5,5311,0.0010353915662650603,0.0020707831325301206,True
DOCU,6,5311,0.001223644578313253,0.002447289156626506,True
DON,4,5311,0.0008471385542168675,0.001694277108433735,False
DOW,3,5311,0.0006588855421686747,0.0013177710843373493,False
DOYU,0,5311,9.412650602409639e-05,0.00018825301204819278,False
DPZ,3,5311,0.0006588855421686747,0.0013177710843373493,False
DQ,0,5311,9.412650602409639e-05,0.00018825301204819278,False
DRIP,3,5311,0.0006588855421686747,0.0013177710843373493,False
DRIV,1,5311,0.00028237951807228914,0.0005647590361445783,False
DTE,3,5311,0.0006588855421686747,0.0013177710843373493,False
DTIL,1,5311,0.00028237951807228914,0.0005647590361445783,False
DUOL,0,5311,9.412650602409639e-05,0.00018825301204819278,False
EBAY,0,5311,9.412650602409639e-05,0.00018825301204819278,False
EBIT,4,5311,0.0008471385542168675,0.001694277108433735,False
EBON,0,5311,9.412650602409639e-05,0.00018825301204819278,False
EBS,1,5311,0.00028237951807228914,0.0005647590361445783,False
EDU,2,5311,0.0004706325301204819,0.0009412650602409639,False
EFT,5,5311,0.0010353915662650603,0.0020707831325301206,True
EH,0,5311,9.412650602409639e-05,0.00018825301204819278,False
EMR,3,5311,0.0006588855421686747,0.0013177710843373493,False
ENB,3,5311,0.0006588855421686747,0.0013177710843373493,False
ENPH,8,5311,0.0016001506024096385,0.003200301204819277,True
EOD,0,5311,9.412650602409639e-05,0.00018825301204819278,False
EPD,0,5311,9.412650602409639e-05,0.00018825301204819278,False
EQIX,1,5311,0.00028237951807228914,0.0005647590361445783,False
ERIC,0,5311,9.412650602409639e-05,0.00018825301204819278,False
ESG,6,5311,0.001223644578313253,0.002447289156626506,True
ESPO,3,5311,0.0006588855421686747,0.0013177710843373493,False
ESS,0,5311,9.412650602409639e-05,0.00018825301204819278,False
ETH,1,5311,0.00028237951807228914,0.0005647590361445783,False
ETN,4,5311,0.0008471385542168675,0.001694277108433735,False
ETSY,11,5311,0.002164909638554217,0.004329819277108434,True
EVGO,1,5311,0.00028237951807228914,0.0005647590361445783,False
EXPI,2,5311,0.0004706325301204819,0.0009412650602409639,False
EYES,17,5311,0.0032944277108433737,0.006588855421686747,True
F,4,5311,0.0008471385542168675,0.001694277108433735,False
FA,3,5311,0.0006588855421686747,0.0013177710843373493,False
FAMI,0,5311,9.412650602409639e-05,0.00018825301204819278,False
FANG,4,5311,0.0008471385542168675,0.001694277108433735,False
FATE,4,5311,0.0008471385542168675,0.001694277108433735,False
FB,18,5311,0.003482680722891566,0.006965361445783132,True
FCEL,1,5311,0.00028237951807228914,0.0005647590361445783,False
FCX,1,5311,0.00028237951807228914,0.0005647590361445783,False
FDX,6,5311,0.001223644578313253,0.002447289156626506,True
FICO,3,5311,0.0006588855421686747,0.0013177710843373493,False
FIGS,0,5311,9.412650602409639e-05,0.00018825301204819278,False
FLGT,5,5311,0.0010353915662650603,0.0020707831325301206,True
FMC,0,5311,9.412650602409639e-05,0.00018825301204819278,False
FND,0,5311,9.412650602409639e-05,0.00018825301204819278,False
FNGU,0,5311,9.412650602409639e-05,0.00018825301204819278,False
FNKO,4,5311,0.0008471385542168675,0.001694277108433735,False
FSLR,2,5311,0.0004706325301204819,0.0009412650602409639,False
FSLY,6,5311,0.001223644578313253,0.002447289156626506,True
FSR,2,5311,0.0004706325301204819,0.0009412650602409639,False
FT,1,5311,0.00028237951807228914,0.0005647590361445783,False
FTC,1,5311,0.00028237951807228914,0.0005647590361445783,False
FTEC,1,5311,0.00028237951807228914,0.0005647590361445783,False
FTNT,2,5311,0.0004706325301204819,0.0009412650602409639,False
FUBO,7,5311,0.0014118975903614458,0.0028237951807228916,True
FUTU,4,5311,0.0008471385542168675,0.001694277108433735,False
FVRR,5,5311,0.0010353915662650603,0.0020707831325301206,True
GAP,2,5311,0.0004706325301204819,0.0009412650602409639,False
GBR,0,5311,9.412650602409639e-05,0.00018825301204819278,False
GDRX,3,5311,0.0006588855421686747,0.0013177710843373493,False
GE,42,5311,0.008000753012048193,0.016001506024096387,True
GEM,0,5311,9.412650602409639e-05,0.00018825301204819278,False
GEO,0,5311,9.412650602409639e-05,0.00018825301204819278,False
GEVO,3,5311,0.0006588855421686747,0.0013177710843373493,False
GILD,4,5311,0.0008471385542168675,0.001694277108433735,False
GL,3,5311,0.0006588855421686747,0.0013177710843373493,False
GLD,2,5311,0.0004706325301204819,0.0009412650602409639,False
GM,17,5311,0.0032944277108433737,0.006588855421686747,True
GME,194,5311,0.03661521084337349,0.07323042168674698,True
GNRC,1,5311,0.00028237951807228914,0.0005647590361445783,False
GOEV,6,5311,0.001223644578313253,0.002447289156626506,True
GOOG,6,5311,0.001223644578313253,0.002447289156626506,True
GOOGL,9,5311,0.0017884036144578312,0.0035768072289156625,True
GPN,2,5311,0.0004706325301204819,0.0009412650602409639,False
GPRO,2,5311,0.0004706325301204819,0.0009412650602409639,False
GRAB,0,5311,9.412650602409639e-05,0.00018825301204819278,False
GRWG,3,5311,0.0006588855421686747,0.0013177710843373493,False
GS,3,5311,0.0006588855421686747,0.0013177710843373493,False
GSAT,2,5311,0.0004706325301204819,0.0009412650602409639,False
GSK,1,5311,0.00028237951807228914,0.0005647590361445783,False
GT,2,5311,0.0004706325301204819,0.0009412650602409639,False
GTE,0,5311,9.412650602409639e-05,0.00018825301204819278,False
GWH,0,5311,9.412650602409639e-05,0.00018825301204819278,False
HD,7,5311,0.0014118975903614458,0.0028237951807228916,True
HELP,5,5311,0.0010353915662650603,0.0020707831325301206,True
HF,7,5311,0.0014118975903614458,0.0028237951807228916,True
HGEN,1,5311,0.00028237951807228914,0.0005647590361445783,False
HIGH,7,5311,0.0014118975903614458,0.0028237951807228916,True
HIMS,4,5311,0.0008471385542168675,0.001694277108433735,False
HIMX,0,5311,9.412650602409639e-05,0.00018825301204819278,False
HITI,0,5311,9.412650602409639e-05,0.00018825301204819278,False
HL,1,5311,0.00028237951807228914,0.0005647590361445783,False
HODL,4,5311,0.0008471385542168675,0.001694277108433735,False
HOLD,7,5311,0.0014118975903614458,0.0028237951807228916,True
HON,5,5311,0.0010353915662650603,0.0020707831325301206,True
HOOD,0,5311,9.412650602409639e-05,0.00018825301204819278,False
HP,1,5311,0.00028237951807228914,0.0005647590361445783,False
HPE,3,5311,0.0006588855421686747,0.0013177710843373493,False
HPQ,2,5311,0.0004706325301204819,0.0009412650602409639,False
HQ,3,5311,0.0006588855421686747,0.0013177710843373493,False
HR,1,5311,0.00028237951807228914,0.0005647590361445783,False
HRTX,1,5311,0.00028237951807228914,0.0005647590361445783,False
HSBC,3,5311,0.0006588855421686747,0.0013177710843373493,False
HUBS,0,5311,9.412650602409639e-05,0.00018825301204819278,False
HUYA,0,5311,9.412650602409639e-05,0.00018825301204819278,False
HVAC,0,5311,9.412650602409639e-05,0.00018825301204819278,False
HYLN,3,5311,0.0006588855421686747,0.0013177710843373493,False
IAG,0,5311,9.412650602409639e-05,0.00018825301204819278,False
IBD,0,5311,9.412650602409639e-05,0.00018825301204819278,False
IBKR,6,5311,0.001223644578313253,0.002447289156626506,True
IBM,13,5311,0.0025414156626506024,0.005082831325301205,True
ICE,5,5311,0.0010353915662650603,0.0020707831325301206,True
ICLN,22,5311,0.004235692771084337,0.008471385542168674,True
IG,1,5311,0.00028237951807228914,0.0005647590361445783,False
IHS,0,5311,9.412650602409639e-05,0.00018825301204819278,False
III,5,5311,0.0010353915662650603,0.0020707831325301206,True
IIPR,2,5311,0.0004706325301204819,0.0009412650602409639,False
ILMN,0,5311,9.412650602409639e-05,0.00018825301204819278,False
IMF,1,5311,0.00028237951807228914,0.0005647590361445783,False
IND,2,5311,0.0004706325301204819,0.0009412650602409639,False
INFO,2,5311,0.0004706325301204819,0.0009412650602409639,False
INO,3,5311,0.0006588855421686747,0.0013177710843373493,False
INTC,15,5311,0.002917921686746988,0.005835843373493976,True
INTU,1,5311,0.00028237951807228914,0.0005647590361445783,False
IOT,0,5311,9.412650602409639e-05,0.00018825301204819278,False
IP,10,5311,0.001976656626506024,0.003953313253012048,True
IQ,3,5311,0.0006588855421686747,0.0013177710843373493,False
IR,3,5311,0.0006588855421686747,0.0013177710843373493,False
IRDM,0,5311,9.412650602409639e-05,0.00018825301204819278,False
IRS,4,5311,0.0008471385542168675,0.001694277108433735,False
ISRG,0,5311,9.412650602409639e-05,0.00018825301204819278,False
IVR,4,5311,0.0008471385542168675,0.001694277108433735,False
IVV,2,5311,0.0004706325301204819,0.0009412650602409639,False
IWM,3,5311,0.0006588855421686747,0.0013177710843373493,False
JAGX,0,5311,9.412650602409639e-05,0.00018825301204819278,False
JAZZ,3,5311,0.0006588855421686747,0.0013177710843373493,False
JBLU,2,5311,0.0004706325301204819,0.0009412650602409639,False
JD,13,5311,0.0025414156626506024,0.005082831325301205,True
JETS,2,5311,0.0004706325301204819,0.0009412650602409639,False
JKS,2,5311,0.0004706325301204819,0.0009412650602409639,False
JMIA,1,5311,0.00028237951807228914,0.0005647590361445783,False
JNJ,19,5311,0.003670933734939759,0.007341867469879518,True
JPM,15,5311,0.002917921686746988,0.005835843373493976,True
JUST,8,5311,0.0016001506024096385,0.003200301204819277,True
KHC,3,5311,0.0006588855421686747,0.0013177710843373493,False
KKR,1,5311,0.00028237951807228914,0.0005647590361445783,False
KMX,1,5311,0.00028237951807228914,0.0005647590361445783,False
KNDI,2,5311,0.0004706325301204819,0.0009412650602409639,False
KNOW,2,5311,0.0004706325301204819,0.0009412650602409639,False
KO,8,5311,0.0016001506024096385,0.003200301204819277,True
KOPN,0,5311,9.412650602409639e-05,0.00018825301204819278,False
KOSS,2,5311,0.0004706325301204819,0.0009412650602409639,False
KPLT,0,5311,9.412650602409639e-05,0.00018825301204819278,False
KPTI,1,5311,0.00028237951807228914,0.0005647590361445783,False
KR,0,5311,9.412650602409639e-05,0.00018825301204819278,False
KSS,3,5311,0.0006588855421686747,0.0013177710843373493,False
KT,1,5311,0.00028237951807228914,0.0005647590361445783,False
KTOS,1,5311,0.00028237951807228914,0.0005647590361445783,False
KULR,0,5311,9.412650602409639e-05,0.00018825301204819278,False
LAC,1,5311,0.00028237951807228914,0.0005647590361445783,False
LAUR,0,5311,9.412650602409639e-05,0.00018825301204819278,False
LAZR,2,5311,0.0004706325301204819,0.0009412650602409639,False
LB,2,5311,0.0004706325301204819,0.0009412650602409639,False
LCID,0,5311,9.412650602409639e-05,0.00018825301204819278,False
LDI,2,5311,0.0004706325301204819,0.0009412650602409639,False
LEN,2,5311,0.0004706325301204819,0.0009412650602409639,False
LH,0,5311,9.412650602409639e-05,0.00018825301204819278,False
LI,3,5311,0.0006588855421686747,0.0013177710843373493,False
LIT,3,5311,0.0006588855421686747,0.0013177710843373493,False
LLY,4,5311,0.0008471385542168675,0.001694277108433735,False
LMND,14,5311,0.0027296686746987953,0.005459337349397591,True
LMT,8,5311,0.0016001506024096385,0.003200301204819277,True
LNG,1,5311,0.00028237951807228914,0.0005647590361445783,False
LOGI,4,5311,0.0008471385542168675,0.001694277108433735,False
LOT,12,5311,0.00235316265060241,0.00470632530120482,True
LPL,7,5311,0.0014118975903614458,0.0028237951807228916,True
LPX,1,5311,0.00028237951807228914,0.0005647590361445783,False
LRCX,3,5311,0.0006588855421686747,0.0013177710843373493,False
LULU,3,5311,0.0006588855421686747,0.0013177710843373493,False
LUMN,7,5311,0.0014118975903614458,0.0028237951807228916,True
LUV,9,5311,0.0017884036144578312,0.0035768072289156625,True
LVS,3,5311,0.0006588855421686747,0.0013177710843373493,False
LYFT,5,5311,0.0010353915662650603,0.0020707831325301206,True
LYV,3,5311,0.0006588855421686747,0.0013177710843373493,False
MA,21,5311,0.004047439759036145,0.00809487951807229,True
MAC,0,5311,9.412650602409639e-05,0.00018825301204819278,False
MAR,3,5311,0.0006588855421686747,0.0013177710843373493,False
MARA,3,5311,0.0006588855421686747,0.0013177710843373493,False
MAX,4,5311,0.0008471385542168675,0.001694277108433735,False
MAXN,1,5311,0.00028237951807228914,0.0005647590361445783,False
MC,0,5311,9.412650602409639e-05,0.00018825301204819278,False
MCD,4,5311,0.0008471385542168675,0.001694277108433735,False
MCHP,0,5311,9.412650602409639e-05,0.00018825301204819278,False
MD,3,5311,0.0006588855421686747,0.0013177710843373493,False
MDB,3,5311,0.0006588855421686747,0.0013177710843373493,False
MELI,4,5311,0.0008471385542168675,0.001694277108433735,False
MEME,1,5311,0.00028237951807228914,0.0005647590361445783,False
META,0,5311,9.412650602409639e-05,0.00018825301204819278,False
MGM,3,5311,0.0006588855421686747,0.0013177710843373493,False
MGNI,4,5311,0.0008471385542168675,0.001694277108433735,False
MITQ,0,5311,9.412650602409639e-05,0.00018825301204819278,False
MJ,5,5311,0.0010353915662650603,0.0020707831325301206,True
MLM,0,5311,9.412650602409639e-05,0.00018825301204819278,False
MMM,4,5311,0.0008471385542168675,0.001694277108433735,False
MO,7,5311,0.0014118975903614458,0.0028237951807228916,True
MOAT,2,5311,0.0004706325301204819,0.0009412650602409639,False
MOVE,3,5311,0.0006588855421686747,0.0013177710843373493,False
MP,6,5311,0.001223644578313253,0.002447289156626506,True
MRK,9,5311,0.0017884036144578312,0.0035768072289156625,True
MRNA,8,5311,0.0016001506024096385,0.003200301204819277,True
MRVL,1,5311,0.00028237951807228914,0.0005647590361445783,False
MS,16,5311,0.0031061746987951807,0.0062123493975903615,True
MSCI,4,5311,0.0008471385542168675,0.001694277108433735,False
MSFT,50,5311,0.009506777108433735,0.01901355421686747,True
MSOS,7,5311,0.0014118975903614458,0.0028237951807228916,True
MSTR,0,5311,9.412650602409639e-05,0.00018825301204819278,False
MT,4,5311,0.0008471385542168675,0.001694277108433735,False
MTCH,3,5311,0.0006588855421686747,0.0013177710843373493,False
MTD,4,5311,0.0008471385542168675,0.001694277108433735,False
MU,9,5311,0.0017884036144578312,0.0035768072289156625,True
MUST,1,5311,0.00028237951807228914,0.0005647590361445783,False
MVIS,1,5311,0.00028237951807228914,0.0005647590361445783,False
MVST,0,5311,9.412650602409639e-05,0.00018825301204819278,False
MX,3,5311,0.0006588855421686747,0.0013177710843373493,False
NAKD,2,5311,0.0004706325301204819,0.0009412650602409639,False
NASA,3,5311,0.0006588855421686747,0.0013177710843373493,False
NAT,4,5311,0.0008471385542168675,0.001694277108433735,False
NC,1,5311,0.00028237951807228914,0.0005647590361445783,False
NCLH,3,5311,0.0006588855421686747,0.0013177710843373493,False
NDAQ,0,5311,9.412650602409639e-05,0.00018825301204819278,False
NEE,4,5311,0.0008471385542168675,0.001694277108433735,False
NEGG,0,5311,9.412650602409639e-05,0.00018825301204819278,False
NEM,1,5311,0.00028237951807228914,0.0005647590361445783,False
NERD,2,5311,0.0004706325301204819,0.0009412650602409639,False
NET,13,5311,0.0025414156626506024,0.005082831325301205,True
NFLX,11,5311,0.002164909638554217,0.004329819277108434,True
NIO,59,5311,0.01120105421686747,0.02240210843373494,True
NIU,2,5311,0.0004706325301204819,0.0009412650602409639,False
NKE,18,5311,0.003482680722891566,0.006965361445783132,True
NKLA,5,5311,0.0010353915662650603,0.0020707831325301206,True
NNDM,2,5311,0.0004706325301204819,0.0009412650602409639,False
NNOX,4,5311,0.0008471385542168675,0.001694277108433735,False
NOK,12,5311,0.00235316265060241,0.00470632530120482,True
NTLA,2,5311,0.0004706325301204819,0.0009412650602409639,False
NUE,2,5311,0.0004706325301204819,0.0009412650602409639,False
NVAX,5,5311,0.0010353915662650603,0.0020707831325301206,True
NVDA,22,5311,0.004235692771084337,0.008471385542168674,True
NXP,4,5311,0.0008471385542168675,0.001694277108433735,False
NXPI,3,5311,0.0006588855421686747,0.0013177710843373493,False
NYC,3,5311,0.0006588855421686747,0.0013177710843373493,False
NYT,1,5311,0.00028237951807228914,0.0005647590361445783,False
O,0,5311,9.412650602409639e-05,0.00018825301204819278,False
OCGN,2,5311,0.0004706325301204819,0.0009412650602409639,False
ODFL,3,5311,0.0006588855421686747,0.0013177710843373493,False
OGI,3,5311,0.0006588855421686747,0.0013177710843373493,False
OI,0,5311,9.412650602409639e-05,0.00018825301204819278,False
OKTA,1,5311,0.00028237951807228914,0.0005647590361445783,False
OLED,3,5311,0.0006588855421686747,0.0013177710843373493,False
OLN,1,5311,0.00028237951807228914,0.0005647590361445783,False
ON,1,5311,0.00028237951807228914,0.0005647590361445783,False
ONTX,3,5311,0.0006588855421686747,0.0013177710843373493,False
OPEN,0,5311,9.412650602409639e-05,0.00018825301204819278,False
OPTT,1,5311,0.00028237951807228914,0.0005647590361445783,False
ORA,0,5311,9.412650602409639e-05,0.00018825301204819278,False
ORCL,2,5311,0.0004706325301204819,0.0009412650602409639,False
OSK,1,5311,0.00028237951807228914,0.0005647590361445783,False
OTLY,0,5311,9.412650602409639e-05,0.00018825301204819278,False
OWN,3,5311,0.0006588855421686747,0.0013177710843373493,False
OXY,2,5311,0.0004706325301204819,0.0009412650602409639,False
PACB,1,5311,0.00028237951807228914,0.0005647590361445783,False
PANW,1,5311,0.00028237951807228914,0.0005647590361445783,False
PATH,0,5311,9.412650602409639e-05,0.00018825301204819278,False
PAVE,6,5311,0.001223644578313253,0.002447289156626506,True
PB,2,5311,0.0004706325301204819,0.0009412650602409639,False
PBW,4,5311,0.0008471385542168675,0.001694277108433735,False
PC,10,5311,0.001976656626506024,0.003953313253012048,True
PCG,0,5311,9.412650602409639e-05,0.00018825301204819278,False
PD,2,5311,0.0004706325301204819,0.0009412650602409639,False
PDD,3,5311,0.0006588855421686747,0.0013177710843373493,False
PDT,5,5311,0.0010353915662650603,0.0020707831325301206,True
PENN,12,5311,0.00235316265060241,0.00470632530120482,True
PEP,4,5311,0.0008471385542168675,0.001694277108433735,False
PERI,0,5311,9.412650602409639e-05,0.00018825301204819278,False
PETS,0,5311,9.412650602409639e-05,0.00018825301204819278,False
PFE,8,5311,0.0016001506024096385,0.003200301204819277,True
PG,4,5311,0.0008471385542168675,0.001694277108433735,False
PGR,1,5311,0.00028237951807228914,0.0005647590361445783,False
PHUN,0,5311,9.412650602409639e-05,0.00018825301204819278,False
PI,2,5311,0.0004706325301204819,0.0009412650602409639,False
PINS,9,5311,0.0017884036144578312,0.0035768072289156625,True
PIPE,2,5311,0.0004706325301204819,0.0009412650602409639,False
PLBY,2,5311,0.0004706325301204819,0.0009412650602409639,False
PLNT,2,5311,0.0004706325301204819,0.0009412650602409639,False
PLTR,49,5311,0.009318524096385542,0.018637048192771084,True
PLUG,21,5311,0.004047439759036145,0.00809487951807229,True
PLUS,3,5311,0.0006588855421686747,0.0013177710843373493,False
POST,0,5311,9.412650602409639e-05,0.00018825301204819278,False
POWW,6,5311,0.001223644578313253,0.002447289156626506,True
PPI,1,5311,0.00028237951807228914,0.0005647590361445783,False
PRNT,3,5311,0.0006588855421686747,0.0013177710843373493,False
PRPL,0,5311,9.412650602409639e-05,0.00018825301204819278,False
PSA,8,5311,0.0016001506024096385,0.003200301204819277,True
PSEC,2,5311,0.0004706325301204819,0.0009412650602409639,False
PSFE,0,5311,9.412650602409639e-05,0.00018825301204819278,False
PSLV,1,5311,0.00028237951807228914,0.0005647590361445783,False
PTON,7,5311,0.0014118975903614458,0.0028237951807228916,True
PUBM,0,5311,9.412650602409639e-05,0.00018825301204819278,False
PUMP,3,5311,0.0006588855421686747,0.0013177710843373493,False
PWR,0,5311,9.412650602409639e-05,0.00018825301204819278,False
PYPL,14,5311,0.0027296686746987953,0.005459337349397591,True
QCLN,7,5311,0.0014118975903614458,0.0028237951807228916,True
QCOM,6,5311,0.001223644578313253,0.002447289156626506,True
QQQ,48,5311,0.00913027108433735,0.0182605421686747,True
QQQJ,13,5311,0.0025414156626506024,0.005082831325301205,True
QQQM,7,5311,0.0014118975903614458,0.0028237951807228916,True
QS,5,5311,0.0010353915662650603,0.0020707831325301206,True
QSR,1,5311,0.00028237951807228914,0.0005647590361445783,False
QYLD,2,5311,0.0004706325301204819,0.0009412650602409639,False
RAD,4,5311,0.0008471385542168675,0.001694277108433735,False
RAM,2,5311,0.0004706325301204819,0.0009412650602409639,False
RBLX,56,5311,0.010636295180722892,0.021272590361445784,True
RCL,6,5311,0.001223644578313253,0.002447289156626506,True
REGN,2,5311,0.0004706325301204819,0.0009412650602409639,False
RIDE,17,5311,0.0032944277108433737,0.006588855421686747,True
RIG,1,5311,0.00028237951807228914,0.0005647590361445783,False
RIGL,1,5311,0.00028237951807228914,0.0005647590361445783,False
RIO,1,5311,0.00028237951807228914,0.0005647590361445783,False
RIOT,5,5311,0.0010353915662650603,0.0020707831325301206,True
RISE,1,5311,0.00028237951807228914,0.0005647590361445783,False
RIVN,0,5311,9.412650602409639e-05,0.00018825301204819278,False
RKLB,0,5311,9.412650602409639e-05,0.00018825301204819278,False
RKT,39,5311,0.007435993975903614,0.014871987951807228,True
RNA,0,5311,9.412650602409639e-05,0.00018825301204819278,False
RNG,2,5311,0.0004706325301204819,0.0009412650602409639,False
ROE,17,5311,0.0032944277108433737,0.006588855421686747,True
ROKU,12,5311,0.00235316265060241,0.00470632530120482,True
ROOT,2,5311,0.0004706325301204819,0.0009412650602409639,False
RTX,8,5311,0.0016001506024096385,0.003200301204819277,True
RVP,1,5311,0.00028237951807228914,0.0005647590361445783,False
SABR,2,5311,0.0004706325301204819,0.0009412650602409639,False
SAM,2,5311,0.0004706325301204819,0.0009412650602409639,False
SAP,3,5311,0.0006588855421686747,0.0013177710843373493,False
SBUX,6,5311,0.001223644578313253,0.002447289156626506,True
SCHB,2,5311,0.0004706325301204819,0.0009412650602409639,False
SCHD,6,5311,0.001223644578313253,0.002447289156626506,True
SCHF,0,5311,9.412650602409639e-05,0.00018825301204819278,False
SCHW,1,5311,0.00028237951807228914,0.0005647590361445783,False
SDC,1,5311,0.00028237951807228914,0.0005647590361445783,False
SE,10,5311,0.001976656626506024,0.003953313253012048,True
SEA,1,5311,0.00028237951807228914,0.0005647590361445783,False
SEDG,0,5311,9.412650602409639e-05,0.00018825301204819278,False
SENS,12,5311,0.00235316265060241,0.00470632530120482,True
SFIX,3,5311,0.0006588855421686747,0.0013177710843373493,False
SFT,2,5311,0.0004706325301204819,0.0009412650602409639,False
SG,4,5311,0.0008471385542168675,0.001694277108433735,False
SHIP,2,5311,0.0004706325301204819,0.0009412650602409639,False
SHO,0,5311,9.412650602409639e-05,0.00018825301204819278,False
SHOP,6,5311,0.001223644578313253,0.002447289156626506,True
SHW,0,5311,9.412650602409639e-05,0.00018825301204819278,False
SIRI,2,5311,0.0004706325301204819,0.0009412650602409639,False
SK,3,5311,0.0006588855421686747,0.0013177710843373493,False
SKLZ,8,5311,0.0016001506024096385,0.003200301204819277,True
SKT,1,5311,0.00028237951807228914,0.0005647590361445783,False
SLQT,0,5311,9.412650602409639e-05,0.00018825301204819278,False
SLS,0,5311,9.412650602409639e-05,0.00018825301204819278,False
SLV,1,5311,0.00028237951807228914,0.0005647590361445783,False
SMG,0,5311,9.412650602409639e-05,0.00018825301204819278,False
SMH,9,5311,0.0017884036144578312,0.0035768072289156625,True
SNAP,7,5311,0.0014118975903614458,0.0028237951807228916,True
SNDL,6,5311,0.001223644578313253,0.002447289156626506,True
SNOW,3,5311,0.0006588855421686747,0.0013177710843373493,False
SNPS,0,5311,9.412650602409639e-05,0.00018825301204819278,False
SOFI,0,5311,9.412650602409639e-05,0.00018825301204819278,False
SONO,1,5311,0.00028237951807228914,0.0005647590361445783,False
SONY,0,5311,9.412650602409639e-05,0.00018825301204819278,False
SOS,12,5311,0.00235316265060241,0.00470632530120482,True
SOXL,9,5311,0.0017884036144578312,0.0035768072289156625,True
SOXX,0,5311,9.412650602409639e-05,0.00018825301204819278,False
SPCE,12,5311,0.00235316265060241,0.00470632530120482,True
SPG,1,5311,0.00028237951807228914,0.0005647590361445783,False
SPHD,1,5311,0.00028237951807228914,0.0005647590361445783,False
SPOT,0,5311,9.412650602409639e-05,0.00018825301204819278,False
SPRT,0,5311,9.412650602409639e-05,0.00018825301204819278,False
SPT,1,5311,0.00028237951807228914,0.0005647590361445783,False
SPWR,1,5311,0.00028237951807228914,0.0005647590361445783,False
SPXL,1,5311,0.00028237951807228914,0.0005647590361445783,False
SPXS,2,5311,0.0004706325301204819,0.0009412650602409639,False
SPY,58,5311,0.011012801204819277,0.022025602409638554,True
SPYD,1,5311,0.00028237951807228914,0.0005647590361445783,False
SPYG,1,5311,0.00028237951807228914,0.0005647590361445783,False
SQ,28,5311,0.005365210843373494,0.010730421686746988,True
SQQQ,12,5311,0.00235316265060241,0.00470632530120482,True
SRPT,4,5311,0.0008471385542168675,0.001694277108433735,False
SSYS,0,5311,9.412650602409639e-05,0.00018825301204819278,False
STAG,4,5311,0.0008471385542168675,0.001694277108433735,False
STEM,2,5311,0.0004706325301204819,0.0009412650602409639,False
STLA,4,5311,0.0008471385542168675,0.001694277108433735,False
STX,1,5311,0.00028237951807228914,0.0005647590361445783,False
STZ,2,5311,0.0004706325301204819,0.0009412650602409639,False
SU,1,5311,0.00028237951807228914,0.0005647590361445783,False
SWBI,1,5311,0.00028237951807228914,0.0005647590361445783,False
SWKS,1,5311,0.00028237951807228914,0.0005647590361445783,False
T,2,5311,0.0004706325301204819,0.0009412650602409639,False
TAC,0,5311,9.412650602409639e-05,0.00018825301204819278,False
TAK,0,5311,9.412650602409639e-05,0.00018825301204819278,False
TAL,0,5311,9.412650602409639e-05,0.00018825301204819278,False
TAN,5,5311,0.0010353915662650603,0.0020707831325301206,True
TAP,1,5311,0.00028237951807228914,0.0005647590361445783,False
TAX,2,5311,0.0004706325301204819,0.0009412650602409639,False
TDOC,19,5311,0.003670933734939759,0.007341867469879518,True
TEAM,1,5311,0.00028237951807228914,0.0005647590361445783,False
TECH,2,5311,0.0004706325301204819,0.0009412650602409639,False
TER,2,5311,0.0004706325301204819,0.0009412650602409639,False
TEVA,3,5311,0.0006588855421686747,0.0013177710843373493,False
TGT,4,5311,0.0008471385542168675,0.001694277108433735,False
THC,1,5311,0.00028237951807228914,0.0005647590361445783,False
TIGR,1,5311,0.00028237951807228914,0.0005647590361445783,False
TJX,1,5311,0.00028237951807228914,0.0005647590361445783,False
TLRY,16,5311,0.0031061746987951807,0.0062123493975903615,True
TLS,1,5311,0.00028237951807228914,0.0005647590361445783,False
TLT,3,5311,0.0006588855421686747,0.0013177710843373493,False
TM,3,5311,0.0006588855421686747,0.0013177710843373493,False
TME,4,5311,0.0008471385542168675,0.001694277108433735,False
TMF,6,5311,0.001223644578313253,0.002447289156626506,True
TMO,3,5311,0.0006588855421686747,0.0013177710843373493,False
TMUS,2,5311,0.0004706325301204819,0.0009412650602409639,False
TNXP,3,5311,0.0006588855421686747,0.0013177710843373493,False
TOS,4,5311,0.0008471385542168675,0.001694277108433735,False
TQQQ,3,5311,0.0006588855421686747,0.0013177710843373493,False
TRIP,3,5311,0.0006588855421686747,0.0013177710843373493,False
TRIT,2,5311,0.0004706325301204819,0.0009412650602409639,False
TRVG,1,5311,0.00028237951807228914,0.0005647590361445783,False
TSLA,58,5311,0.011012801204819277,0.022025602409638554,True
TSM,23,5311,0.0044239457831325305,0.008847891566265061,True
TSN,0,5311,9.412650602409639e-05,0.00018825301204819278,False
TTCF,2,5311,0.0004706325301204819,0.0009412650602409639,False
TTD,6,5311,0.001223644578313253,0.002447289156626506,True
TTWO,4,5311,0.0008471385542168675,0.001694277108433735,False
TWLO,4,5311,0.0008471385542168675,0.001694277108433735,False
TWTR,7,5311,0.0014118975903614458,0.0028237951807228916,True
TX,5,5311,0.0010353915662650603,0.0020707831325301206,True
TXMD,1,5311,0.00028237951807228914,0.0005647590361445783,False
TXN,2,5311,0.0004706325301204819,0.0009412650602409639,False
U,4,5311,0.0008471385542168675,0.001694277108433735,False
UAA,2,5311,0.0004706325301204819,0.0009412650602409639,False
UAE,1,5311,0.00028237951807228914,0.0005647590361445783,False
UAL,7,5311,0.0014118975903614458,0.0028237951807228916,True
UAVS,0,5311,9.412650602409639e-05,0.00018825301204819278,False
UBER,6,5311,0.001223644578313253,0.002447289156626506,True
UBS,12,5311,0.00235316265060241,0.00470632530120482,True
UFO,0,5311,9.412650602409639e-05,0.00018825301204819278,False
UI,8,5311,0.0016001506024096385,0.003200301204819277,True
ULTA,6,5311,0.001223644578313253,0.002447289156626506,True
UMC,2,5311,0.0004706325301204819,0.0009412650602409639,False
UN,0,5311,9.412650602409639e-05,0.00018825301204819278,False
UNH,3,5311,0.0006588855421686747,0.0013177710843373493,False
UNP,5,5311,0.0010353915662650603,0.0020707831325301206,True
UPRO,1,5311,0.00028237951807228914,0.0005647590361445783,False
UPS,7,5311,0.0014118975903614458,0.0028237951807228916,True
UPST,2,5311,0.0004706325301204819,0.0009412650602409639,False
UPWK,1,5311,0.00028237951807228914,0.0005647590361445783,False
URA,2,5311,0.0004706325301204819,0.0009412650602409639,False
USB,2,5311,0.0004706325301204819,0.0009412650602409639,False
USE,3,5311,0.0006588855421686747,0.0013177710843373493,False
USO,3,5311,0.0006588855421686747,0.0013177710843373493,False
UVXY,2,5311,0.0004706325301204819,0.0009412650602409639,False
UWMC,14,5311,0.0027296686746987953,0.005459337349397591,True
UXIN,0,5311,9.412650602409639e-05,0.00018825301204819278,False
V,2,5311,0.0004706325301204819,0.0009412650602409639,False
VALE,4,5311,0.0008471385542168675,0.001694277108433735,False
VB,3,5311,0.0006588855421686747,0.0013177710843373493,False
VC,0,5311,9.412650602409639e-05,0.00018825301204819278,False
VCR,4,5311,0.0008471385542168675,0.001694277108433735,False
VG,2,5311,0.0004706325301204819,0.0009412650602409639,False
VGT,3,5311,0.0006588855421686747,0.0013177710843373493,False
VIAC,18,5311,0.003482680722891566,0.006965361445783132,True
VIG,1,5311,0.00028237951807228914,0.0005647590361445783,False
VIR,3,5311,0.0006588855421686747,0.0013177710843373493,False
VNQ,5,5311,0.0010353915662650603,0.0020707831325301206,True
VO,4,5311,0.0008471385542168675,0.001694277108433735,False
VOO,47,5311,0.008942018072289157,0.017884036144578314,True
VOOG,6,5311,0.001223644578313253,0.002447289156626506,True
VRTX,0,5311,9.412650602409639e-05,0.00018825301204819278,False
VS,6,5311,0.001223644578313253,0.002447289156626506,True
VST,6,5311,0.001223644578313253,0.002447289156626506,True
VT,5,5311,0.0010353915662650603,0.0020707831325301206,True
VTI,58,5311,0.011012801204819277,0.022025602409638554,True
VTRS,2,5311,0.0004706325301204819,0.0009412650602409639,False
VTV,3,5311,0.0006588855421686747,0.0013177710843373493,False
VUG,3,5311,0.0006588855421686747,0.0013177710843373493,False
VUZI,4,5311,0.0008471385542168675,0.001694277108433735,False
VWO,2,5311,0.0004706325301204819,0.0009412650602409639,False
VXUS,15,5311,0.002917921686746988,0.005835843373493976,True
VXX,2,5311,0.0004706325301204819,0.0009412650602409639,False
VYM,1,5311,0.00028237951807228914,0.0005647590361445783,False
VZ,8,5311,0.0016001506024096385,0.003200301204819277,True
WANT,1,5311,0.00028237951807228914,0.0005647590361445783,False
WB,2,5311,0.0004706325301204819,0.0009412650602409639,False
WBA,4,5311,0.0008471385542168675,0.001694277108433735,False
WCLD,2,5311,0.0004706325301204819,0.0009412650602409639,False
WDAY,3,5311,0.0006588855421686747,0.0013177710843373493,False
WDC,2,5311,0.0004706325301204819,0.0009412650602409639,False
WEED,1,5311,0.00028237951807228914,0.0005647590361445783,False
WFC,10,5311,0.001976656626506024,0.003953313253012048,True
WISH,5,5311,0.0010353915662650603,0.0020707831325301206,True
WKHS,6,5311,0.001223644578313253,0.002447289156626506,True
WM,3,5311,0.0006588855421686747,0.0013177710843373493,False
WMT,13,5311,0.0025414156626506024,0.005082831325301205,True
WOOF,1,5311,0.00028237951807228914,0.0005647590361445783,False
WPP,0,5311,9.412650602409639e-05,0.00018825301204819278,False
WTI,1,5311,0.00028237951807228914,0.0005647590361445783,False
WWR,0,5311,9.412650602409639e-05,0.00018825301204819278,False
WY,2,5311,0.0004706325301204819,0.0009412650602409639,False
WYNN,2,5311,0.0004706325301204819,0.0009412650602409639,False
XBI,2,5311,0.0004706325301204819,0.0009412650602409639,False
XERS,0,5311,9.412650602409639e-05,0.00018825301204819278,False
XLE,3,5311,0.0006588855421686747,0.0013177710843373493,False
XLF,3,5311,0.0006588855421686747,0.0013177710843373493,False
XLK,1,5311,0.00028237951807228914,0.0005647590361445783,False
XLY,2,5311,0.0004706325301204819,0.0009412650602409639,False
XOM,10,5311,0.001976656626506024,0.003953313253012048,True
XPEV,13,5311,0.0025414156626506024,0.005082831325301205,True
XPO,3,5311,0.0006588855421686747,0.0013177710843373493,False
XRP,0,5311,9.412650602409639e-05,0.00018825301204819278,False
XRT,4,5311,0.0008471385542168675,0.001694277108433735,False
XXII,0,5311,9.412650602409639e-05,0.00018825301204819278,False
XYZ,12,5311,0.00235316265060241,0.00470632530120482,True
YEAR,1,5311,0.00028237951807228914,0.0005647590361445783,False
YOU,10,5311,0.001976656626506024,0.003953313253012048,True
ZG,1,5311,0.00028237951807228914,0.0005647590361445783,False
ZIM,1,5311,0.00028237951807228914,0.0005647590361445783,False
ZKIN,5,5311,0.0010353915662650603,0.0020707831325301206,True
ZM,8,5311,0.0016001506024096385,0.003200301204819277,True
ZOM,2,5311,0.0004706325301204819,0.0009412650602409639,False
ZS,1,5311,0.00028237951807228914,0.0005647590361445783,False
