label,family,full,delta_drop,only
G,temporal,0.8156531165086978,-0.0638748007685308,0.7369960661500294
G,calendar,0.8156531165086978,-0.005185717927619571,0.5548399515833851
G,content,0.8156531165086978,-0.001650589973864136,0.5434029253086663
G,sentiment,0.8156531165086978,0.00015829704505276876,0.5472525747234593
G,network,0.8156531165086978,-0.06780683718876879,0.7430274167373089
G,etf,0.8156531165086978,-0.00018394582976666296,0.5362772265735918
E,temporal,0.8221490257484763,-0.06170306337396925,0.7954194351694155
E,calendar,0.8221490257484763,-0.006208997680620443,0.4943657701012908
E,content,0.8221490257484763,0.0011959301608998052,0.5440839710693798
E,sentiment,0.8221490257484763,-0.00013498201640382845,0.5305386745361239
E,network,0.8221490257484763,-0.02168133319514176,0.7523137773395482
E,etf,0.8221490257484763,0.00013183068528133113,0.48702807065704545
