community,tickers,rows,surges,surge_rate,share_of_surges
none,366,11716,2879,0.24573233185387505,0.6974321705426356
AAPL,177,6567,613,0.09334551545606821,0.14849806201550386
GME,209,3093,227,0.07339152925961849,0.05499031007751938
SPY,179,2930,210,0.07167235494880546,0.050872093023255814
ARKK,98,2026,153,0.0755182625863771,0.037063953488372096
PFE,25,217,12,0.055299539170506916,0.0029069767441860465
DKNG,85,773,11,0.014230271668822769,0.0026647286821705426
HOOD,1,33,9,0.2727272727272727,0.002180232558139535
PLUG,77,592,6,0.010135135135135136,0.0014534883720930232
LPL,14,99,2,0.020202020202020204,0.00048449612403100775
NIO,49,383,2,0.005221932114882507,0.00048449612403100775
BYND,35,138,1,0.007246376811594203,0.00024224806201550387
NKLA,8,80,1,0.0125,0.00024224806201550387
SOXL,9,77,1,0.012987012987012988,0.00024224806201550387
CRSP,36,212,1,0.0047169811320754715,0.00024224806201550387
LEN,26,149,0,0.0,0.0
LAZR,1,5,0,0.0,0.0
JUST,31,147,0,0.0,0.0
DPZ,8,31,0,0.0,0.0
ETN,8,25,0,0.0,0.0
CCI,4,24,0,0.0,0.0
AMTX,3,20,0,0.0,0.0
MTD,18,118,0,0.0,0.0
ON,1,1,0,0.0,0.0
LUV,25,157,0,0.0,0.0
MS,73,677,0,0.0,0.0
SCHW,11,39,0,0.0,0.0
POWW,2,14,0,0.0,0.0
SRPT,5,11,0,0.0,0.0
WM,10,76,0,0.0,0.0
XYL,1,2,0,0.0,0.0
