gb_max_depth,gb_learning_rate,gb_n_estimators,gb_subsample,cv_auc,cv_auc_sd,cv_ap
2,0.05,300,1.0,0.8036213303529116,0.03587311562960858,0.12771464801506377
2,0.1,100,1.0,0.803359236792307,0.03376804662622358,0.12885437614460038
3,0.1,100,0.8,0.8026029333191887,0.03781030312703406,0.12914048530387442
2,0.05,300,0.8,0.8012126461630042,0.03507032855408561,0.12714123623577844
3,0.05,300,0.8,0.8000896811064877,0.03568490126156386,0.12750457816482336
2,0.1,100,0.8,0.7986394801646389,0.03603042262349127,0.12554076371318468
3,0.05,300,1.0,0.7986382034598943,0.03919017866302472,0.12571164288807457
4,0.05,300,1.0,0.7977178165299585,0.04270566013554114,0.12104652849533748
3,0.1,100,1.0,0.7970285577725617,0.03875031679197922,0.1196655914300921
4,0.05,300,0.8,0.7968172807389621,0.04107397545340734,0.1207293338249316
4,0.1,100,0.8,0.7967311405026045,0.03978595792339149,0.12334335806163063
4,0.1,100,1.0,0.7949619267973681,0.03865852045915058,0.11651378670046864
