subreddit,symbol,posts
stocks,HCMC,46
stocks,OZSC,26
stocks,ABML,25
stocks,ALPP,9
stocks,ENZC,3
stocks,TSNP,11
stocks,SNPW,7
stocks,AITX,13
stocks,ILUS,3
stocks,GAXY,11
stocks,TLSS,3
stocks,HMBL,6
stocks,RGBP,5
stocks,SIRC,7
stocks,PVDG,0
pennystocks,HCMC,400
pennystocks,OZSC,271
pennystocks,ABML,187
pennystocks,ALPP,237
pennystocks,ENZC,84
pennystocks,TSNP,202
pennystocks,SNPW,142
pennystocks,AITX,255
pennystocks,ILUS,52
pennystocks,GAXY,100
pennystocks,TLSS,159
pennystocks,HMBL,72
pennystocks,RGBP,74
pennystocks,SIRC,67
pennystocks,PVDG,63
