ticker,arima_ok,arima_failure,rmse_persist,rmse_snaive,rmse_mean,rmse_arima
GME,True,,1.6047873584227366,1.4850856716212686,5.587404130001753,2.2428999749787426
AMC,True,,1.2106830405426245,1.140775991601199,3.2448423193917604,1.5356149606466254
AAPL,True,,1.6593446470020163,2.214522429112222,1.5561754764794402,1.5403796630636333
SPY,True,,1.9302920497324423,1.8505830254940132,1.4373549603927764,1.43039872490547
TSLA,True,,2.6843024144188363,2.9954303096092936,2.5314295923355696,2.325450875329287
NIO,True,,0.9215829146057074,0.9289853059279986,1.5714441067749343,0.7203168871526666
BB,True,,0.5234239225902136,0.48257301243311057,1.4884593426202781,0.4501509154938902
MSFT,True,,2.378557177487088,2.3320283369598154,1.8212077979742844,1.7872961759444266
AMD,True,,2.449489742783178,2.9001653235823626,2.107553278547854,2.055240355137421
PLTR,True,,1.0533703247651751,1.1347560235031635,1.1686583689571581,0.8742406497851999
QQQ,True,,1.883599003365486,1.5789714009226092,1.36393007391379,1.3582859339528692
AMZN,True,,1.5170266520446167,1.5483088432133307,1.1639310787889887,1.1680422810729496
VTI,True,,2.0805689422097196,1.7903852803390656,1.467929715695104,1.5145844081195154
VOO,True,,1.5349802551048153,1.7360007575277685,1.3398626906180453,1.2661293420533983
ARKK,True,,1.0598526648703945,0.972216786242685,0.9498698330925124,0.7695321040917819
ICLN,True,,0.6620847108818944,0.6193235372853323,0.9897117889460377,0.4849239536330644
BABA,True,,1.6879914302191081,1.8431658292114148,1.2884490000877211,1.2809231454836305
NVDA,True,,1.8726583551380889,2.0739744123334067,1.8725623695435447,1.730175158736969
NOK,True,,0.1655211777204736,0.28669108954049793,0.9178293405029491,0.27061059576492397
SQ,True,,1.0853949473720717,1.2659935726643312,0.8612558281286179,0.8473554853847696
FB,True,,1.4190484946389206,1.6593446470020163,1.3567037950717542,1.284665936957186
ARKG,True,,0.4379278729628981,0.49656353316142077,0.6849152181536838,0.3504010153763605
PLUG,True,,0.5489716413565446,0.5489716413565446,0.6375080623582537,0.431349517962351
GM,True,,0.8600732686214938,0.9580230786249787,0.710134409860387,0.6643139267720591
DIS,True,,1.2331050016951028,1.1935901868927103,0.8626851836330413,0.8602709284193472
DKNG,True,,1.1165013848919998,1.0468478451804273,0.7959134668452661,0.7935752010218562
SPCE,True,,0.6516575283433587,0.7214900866993804,0.5980367382685857,0.4868040735259481
TLRY,True,,0.5489716413565446,0.6302858668672515,0.5410956656708221,0.4754070876577037
GOOGL,True,,1.0979432827130893,1.128703948225453,0.8781112907963277,0.8738575358357284
APHA,True,,0.1655211777204736,0.1655211777204736,0.4932950003031906,0.19579471643898158
GOOG,True,,0.7674901275524076,0.8439957151095541,0.6410802020945329,0.6290651354007386
TSM,True,,0.6620847108818944,0.819288030372914,0.5958654422217714,0.5749178753427784
CRSR,True,,0.6620847108818944,0.819288030372914,0.5717539492385323,0.5538982460779123
GE,True,,0.7938116818876942,0.7585133260223084,0.6360227557570021,0.6176030229084356
SNDL,True,,0.6193235372853323,0.7022468831767834,0.5878458014647557,0.5293149172269269
NET,True,,0.9065968278232491,0.9931270663228415,0.7622372675946615,0.7404099063429102
DIA,True,,0.7851358838853205,0.6723502022908507,0.5768273485551894,0.5819818181223292
JPM,True,,0.8439957151095541,0.7851358838853205,0.5884272601575097,0.5869796452124748
PYPL,True,,1.3344743975843896,1.3293318952282882,1.0406173796404234,0.9981720137903682
RKT,True,,0.4054424270396916,0.4054424270396916,0.41744276966895316,0.3698733266505739
JNJ,True,,0.5363499164507368,0.5852057359806528,0.4637094659543441,0.44278006761689376
YOU,True,,0.49656353316142077,0.5101705328640019,0.4167099212531848,0.39013842964387546
MRNA,True,,0.9215829146057074,1.1527216156937767,0.7054009086378169,0.701228390697978
ARKF,True,,0.45329841391162456,0.4379278729628981,0.403829824143641,0.33217939618682923
MA,True,,0.972216786242685,1.0336794235569031,0.7805664337226095,0.7815846847987995
COIN,True,,0.9508467747440151,1.0468478451804273,0.7416019483131279,0.7388756621503357
WMT,True,,0.7938116818876942,0.835840975895715,0.5984919613695902,0.6063877290682737
NAKD,True,,0.5234239225902136,0.5967950934463552,0.4815715210987669,0.5178577061829404
SE,True,,0.8836412834449391,0.972216786242685,0.6935996080838784,0.7035234796642355
CLOV,True,,0.49656353316142077,0.4681645887845222,0.41354444583596034,0.3869435955971943
