symbol,posts,in_universe,excl_reason,name
US,2156,False,ambiguity set,
ETF,1749,False,ambiguity set,
DD,1725,True,ambiguity set,"DuPont de Nemours, Inc. Common Stock"
IPO,1196,True,ambiguity set,Renaissance IPO ETF
CEO,1024,False,ambiguity set,
EV,994,False,not in symbol directory,
COVID,846,False,not in symbol directory,
EPS,672,True,ambiguity set,WisdomTree U.S. LargeCap Fund
THE,560,False,not in symbol directory,
IRA,496,False,ambiguity set,
NYSE,443,False,ambiguity set,
UK,440,True,ambiguity set,Ucommune International Ltd  - Class A Ordinary Shares
ARK,427,False,not in symbol directory,
TO,427,False,not in symbol directory,
SEC,368,False,ambiguity set,
TD,365,True,ambiguity set,Toronto Dominion Bank (The) Common Stock
USD,350,True,ambiguity set,ProShares Ultra Semiconductors
PE,341,False,ambiguity set,
STOCK,341,False,not in symbol directory,
WSB,335,False,ambiguity set,
FDA,333,False,ambiguity set,
OR,332,True,ambiguity set,OR Royalties Inc. Common Shares
AI,331,True,ambiguity set,"C3.ai, Inc. Class A Common Stock"
TLDR,330,True,ambiguity set,The Laddered T-Bill ETF
RH,321,True,ambiguity set,RH Common Stock
AND,317,False,not in symbol directory,
NOT,310,False,not in symbol directory,
USA,297,True,ambiguity set,Liberty All-Star Equity Fund Common Stock
EDIT,290,True,ambiguity set,"Editas Medicine, Inc. - Common Stock"
CNBC,277,False,not in symbol directory,
BUY,259,False,not in symbol directory,
TA,258,False,ambiguity set,
ATH,256,False,ambiguity set,
FOR,251,True,ambiguity set,Forestar Group Inc Common Stock 
TALK,249,False,not in symbol directory,
HOME,248,False,not in symbol directory,
THIS,247,False,not in symbol directory,
OTC,247,False,not in symbol directory,
CHAT,244,True,ambiguity set,Roundhill Generative AI & Technology ETF
WWW,242,True,ambiguity set,"Wolverine World Wide, Inc. Common Stock"
TCGYT,242,False,not in symbol directory,
ORG,240,False,not in symbol directory,
DR,240,False,not in symbol directory,
IS,230,False,not in symbol directory,
EU,223,True,ambiguity set,enCore Energy Corp. - Common Stock
TL,223,False,not in symbol directory,
ITM,203,True,ambiguity set,VanEck Intermediate Muni ETF
RSI,200,True,ambiguity set,"Rush Street Interactive, Inc. Class A Common Stock"
AT,199,False,not in symbol directory,
DCA,198,False,ambiguity set,
IT,179,True,ambiguity set,"Gartner, Inc. Common Stock"
YTD,177,False,ambiguity set,
TV,175,True,ambiguity set,Grupo Televisa S.A.B. Common Stock
IMO,173,True,ambiguity set,Imperial Oil Limited Common Stock
HERE,173,True,ambiguity set,Here Group Limited - American Depositary Shares
OF,172,False,not in symbol directory,
FOMO,169,False,ambiguity set,
IN,163,False,not in symbol directory,
JP,160,False,ambiguity set,
ALL,149,True,ambiguity set,Allstate Corporation (The) Common Stock
MAP,149,False,not in symbol directory,
WEEK,147,True,ambiguity set,Roundhill Weekly T-Bill ETF
PT,147,False,ambiguity set,
AFTER,146,False,not in symbol directory,
OTM,145,False,ambiguity set,
LINK,143,True,ambiguity set,"Interlink Electronics, Inc. - Common Stock"
CHART,143,False,not in symbol directory,
GDP,139,False,ambiguity set,
PRE,138,True,ambiguity set,Prenetics Global Limited - Class A Ordinary Share
ET,138,True,ambiguity set,Energy Transfer LP Common Units 
UP,136,True,ambiguity set,Wheels Up Experience Inc. Class A Common Stock
CAGR,132,False,not in symbol directory,
CFO,130,True,ambiguity set,VictoryShares US 500 Enhanced Volatility Wtd ETF
CLICK,129,False,not in symbol directory,
SPAC,129,False,not in symbol directory,
MOON,128,False,not in symbol directory,
MACD,127,False,ambiguity set,
YOLO,124,True,ambiguity set,AdvisorShares Pure Cannabis ETF
VIX,122,False,not in symbol directory,
NEWS,121,False,not in symbol directory,
TODAY,118,False,not in symbol directory,
CPI,117,False,not in symbol directory,
PEG,117,True,ambiguity set,Public Service Enterprise Group Incorporated Common Stock
PM,113,True,ambiguity set,Philip Morris International Inc Common Stock
FULL,112,False,not in symbol directory,
AWS,111,False,not in symbol directory,
GAAP,110,False,not in symbol directory,
HUGE,105,False,not in symbol directory,
REIT,103,True,ambiguity set,ALPS Active REIT ETF
SMA,102,True,ambiguity set,"SmartStop Self Storage REIT, Inc. Common Stock"
DOGE,101,False,not in symbol directory,
BUT,100,False,not in symbol directory,
VW,98,False,not in symbol directory,
PS,97,True,ambiguity set,Pershing Square Inc. Common Stock
BRK,95,False,not in symbol directory,
NEW,95,False,not in symbol directory,
ATM,95,False,ambiguity set,
ADR,94,False,not in symbol directory,
FCF,93,True,ambiguity set,First Commonwealth Financial Corporation Common Stock
FAANG,93,False,not in symbol directory,
IF,93,False,not in symbol directory,
CCP,92,False,not in symbol directory,
FED,91,False,ambiguity set,
ER,91,False,not in symbol directory,
TTM,91,False,not in symbol directory,
II,91,False,not in symbol directory,
DCF,90,False,not in symbol directory,
FREE,90,False,not in symbol directory,
IV,89,False,not in symbol directory,
AS,89,True,ambiguity set,"Amer Sports, Inc. Ordinary Shares"
LLC,88,False,not in symbol directory,
AH,86,False,not in symbol directory,
NO,85,False,not in symbol directory,
CLOSE,85,False,not in symbol directory,
VERY,85,False,not in symbol directory,
AG,84,True,ambiguity set,First Majestic Silver Corp. Ordinary Shares (Canada)
TSX,83,False,not in symbol directory,
APPL,83,False,not in symbol directory,
DO,83,False,not in symbol directory,
ROI,83,False,ambiguity set,
SHORT,82,False,not in symbol directory,
OK,82,False,not in symbol directory,
CAD,81,False,not in symbol directory,
QUOTE,81,False,not in symbol directory,
SP,80,False,not in symbol directory,
INC,79,False,not in symbol directory,
WILL,75,False,not in symbol directory,
ROTH,74,False,not in symbol directory,
TESLA,74,False,not in symbol directory,
QE,74,False,not in symbol directory,
PDF,74,False,not in symbol directory,
TDA,74,False,not in symbol directory,
WSJ,74,False,not in symbol directory,
BIG,73,False,not in symbol directory,
TIA,72,False,not in symbol directory,
ONLY,71,False,not in symbol directory,
ROA,71,False,not in symbol directory,
NONE,70,False,not in symbol directory,
NY,70,False,not in symbol directory,
VR,70,False,not in symbol directory,
SI,70,True,ambiguity set,"Shoulder Innovations, Inc. Common Stock"
PR,69,True,ambiguity set,Permian Resources Corporation Class A Common Stock
SELL,68,False,not in symbol directory,
BS,68,False,not in symbol directory,
MY,67,False,not in symbol directory,
FOMC,67,False,not in symbol directory,
NFT,66,False,not in symbol directory,
VWAP,65,False,ambiguity set,
YOY,64,False,ambiguity set,
WHY,64,False,not in symbol directory,
MAJOR,63,False,not in symbol directory,
SPX,63,False,not in symbol directory,
MOST,63,False,not in symbol directory,
CC,63,True,ambiguity set,Chemours Company (The) Common Stock
DOWN,62,False,not in symbol directory,
EMA,61,True,ambiguity set,Emera Incorporated Common Shares
EOY,61,False,not in symbol directory,
EST,61,False,not in symbol directory,
TAM,61,False,not in symbol directory,
SA,60,True,ambiguity set,"Seabridge Gold, Inc. Common Shares New"
FYI,59,False,not in symbol directory,
WE,58,False,not in symbol directory,
BEST,58,False,not in symbol directory,
FUD,58,False,not in symbol directory,
NFL,58,False,not in symbol directory,
LEAPS,57,False,not in symbol directory,
EA,57,False,not in symbol directory,
BETA,56,True,ambiguity set,"Beta Technologies, Inc. Class A Common Stock"
ABC,56,False,not in symbol directory,
TFSA,56,False,not in symbol directory,
HK,56,False,not in symbol directory,
THAT,56,False,not in symbol directory,
BMW,55,False,not in symbol directory,
ONE,55,False,not in symbol directory,
FY,54,False,not in symbol directory,
YOUR,54,False,not in symbol directory,
TRADE,54,False,not in symbol directory,
NEED,54,False,not in symbol directory,
WHAT,53,False,not in symbol directory,
DAY,53,False,not in symbol directory,
AHEAD,53,False,not in symbol directory,
COO,52,True,ambiguity set,"The Cooper Companies, Inc.  - Common Stock"
ID,51,False,not in symbol directory,
DM,51,False,ambiguity set,
VTSAX,51,False,not in symbol directory,
TSMC,49,False,not in symbol directory,
WITH,49,False,not in symbol directory,
QTD,48,False,not in symbol directory,
CBD,48,False,not in symbol directory,
VWAGY,48,False,not in symbol directory,
MONEY,47,False,not in symbol directory,
PAST,47,False,not in symbol directory,
WTD,47,False,not in symbol directory,
MORE,46,False,not in symbol directory,
CNN,46,False,not in symbol directory,
HOW,46,False,not in symbol directory,
HCMC,46,False,not in symbol directory,
USPS,45,False,not in symbol directory,
MM,44,False,not in symbol directory,
SUV,44,False,not in symbol directory,
WTF,44,True,ambiguity set,Waton Financial Limited - Ordinary Shares
LONG,44,False,not in symbol directory,
RBC,43,True,ambiguity set,RBC Bearings Incorporated Common Stock
BTIG,43,False,not in symbol directory,
EUR,42,False,not in symbol directory,
GET,41,False,not in symbol directory,
GOING,41,False,not in symbol directory,
OPEC,40,False,not in symbol directory,
PLC,40,False,not in symbol directory,
CA,40,False,ambiguity set,
LG,40,False,not in symbol directory,
PRICE,40,False,not in symbol directory,
ASAP,39,False,not in symbol directory,
ISA,39,False,not in symbol directory,
ETFS,39,False,not in symbol directory,
FINRA,38,False,not in symbol directory,
SPDR,37,False,not in symbol directory,
THEY,37,False,not in symbol directory,
OS,37,False,not in symbol directory,
ME,37,False,not in symbol directory,
VP,37,False,not in symbol directory,
FTSE,37,False,not in symbol directory,
RYCEY,36,False,not in symbol directory,
GPU,36,False,not in symbol directory,
WHO,36,False,not in symbol directory,
STILL,36,False,not in symbol directory,
UCITS,36,False,not in symbol directory,
WAY,35,True,ambiguity set,Waystar Holding Corp. - Common Stock
LTD,35,False,not in symbol directory,
CS,35,False,not in symbol directory,
HAVE,35,False,not in symbol directory,
LSE,34,True,ambiguity set,"Leishen Energy Holding Co., Ltd. - Class A Ordinary Shares"
DC,34,True,ambiguity set,Dakota Gold Corp. Common Stock
QNX,34,False,not in symbol directory,
CN,34,False,not in symbol directory,
SRNE,34,False,not in symbol directory,
GROUP,33,False,not in symbol directory,
APPLE,33,False,not in symbol directory,
ESPN,33,False,not in symbol directory,
NAV,33,False,ambiguity set,
NBA,33,False,not in symbol directory,
IPOE,33,False,not in symbol directory,
PDUFA,32,False,not in symbol directory,
TRCH,32,False,not in symbol directory,
YT,32,False,not in symbol directory,
PMI,32,True,ambiguity set,"Picard Medical, Inc. Common Stock"
SCR,32,False,not in symbol directory,
GLOBE,32,False,not in symbol directory,
DWAC,32,False,not in symbol directory,
CFD,32,False,not in symbol directory,
ADS,31,False,not in symbol directory,
TCEHY,31,False,not in symbol directory,
PSTH,31,False,not in symbol directory,
DPO,31,False,not in symbol directory,
REITS,31,False,not in symbol directory,
ICO,31,False,not in symbol directory,
CALL,31,False,not in symbol directory,
GPS,31,False,not in symbol directory,
LOL,31,False,ambiguity set,
FSD,30,False,not in symbol directory,
TSE,30,False,not in symbol directory,
MRO,30,False,not in symbol directory,
SAVE,30,False,not in symbol directory,
READ,30,False,not in symbol directory,
FROM,29,False,not in symbol directory,
NEVER,29,False,not in symbol directory,
ISM,29,False,not in symbol directory,
SVB,29,False,not in symbol directory,
ARM,29,True,post-2021 IPO,Arm Holdings plc - American Depositary Shares
XL,29,False,not in symbol directory,
LP,29,False,not in symbol directory,
MRIN,29,False,not in symbol directory,
AABB,29,False,not in symbol directory,
AC,28,False,not in symbol directory,
CO,28,False,not in symbol directory,
DTC,28,False,not in symbol directory,
RMO,28,False,not in symbol directory,
EM,28,False,not in symbol directory,
TOP,28,True,post-2021 IPO,TOP Financial Group Limited - Class A Ordinary Shares
GREAT,28,False,not in symbol directory,
EUA,27,False,not in symbol directory,
PCE,27,False,not in symbol directory,
IB,27,False,not in symbol directory,
SOME,27,False,not in symbol directory,
HBO,27,False,not in symbol directory,
OEM,27,False,not in symbol directory,
TSXV,27,False,not in symbol directory,
ABOUT,27,False,not in symbol directory,
SBE,27,False,not in symbol directory,
PHIL,27,False,not in symbol directory,
IVY,27,False,not in symbol directory,
DONT,27,False,not in symbol directory,
RDS,27,False,not in symbol directory,
XPENG,27,False,not in symbol directory,
DFV,26,False,not in symbol directory,
BTW,26,False,not in symbol directory,
MAKE,26,False,not in symbol directory,
FX,26,False,not in symbol directory,
DIP,26,False,not in symbol directory,
XELA,26,False,not in symbol directory,
LETS,26,False,not in symbol directory,
KMPH,26,False,not in symbol directory,
OZSC,26,False,not in symbol directory,
LAST,26,False,not in symbol directory,
CPU,26,False,not in symbol directory,
FINAL,26,False,not in symbol directory,
CDN,26,False,not in symbol directory,
ABML,25,False,not in symbol directory,
CEI,25,False,not in symbol directory,
RIGHT,25,False,not in symbol directory,
GNOG,25,False,not in symbol directory,
DTCC,25,False,not in symbol directory,
AUM,25,False,ambiguity set,
VIDEO,24,False,not in symbol directory,
NOTE,24,False,not in symbol directory,
CSE,24,False,not in symbol directory,
MF,24,True,ambiguity set,MindForge Inc. - Class A Ordinary Shares
GOP,24,True,ambiguity set,Subversive Congressional Republicans Trading ETF
LEAP,24,False,not in symbol directory,
CBS,24,False,not in symbol directory,
FZROX,24,False,not in symbol directory,
RRSP,24,False,not in symbol directory,
IE,24,True,ambiguity set,Ivanhoe Electric Inc. Common Stock
PROG,24,False,not in symbol directory,
FIRST,23,False,not in symbol directory,
MIT,23,False,not in symbol directory,
MUCH,23,False,not in symbol directory,
ZERO,23,False,not in symbol directory,
WORK,23,False,not in symbol directory,
POS,23,False,not in symbol directory,
RED,23,False,not in symbol directory,
YEARS,23,False,not in symbol directory,
ZNGA,23,False,not in symbol directory,
SHARE,23,False,not in symbol directory,
POWER,23,False,not in symbol directory,
HKD,22,True,post-2021 IPO,AMTD Digital Inc. American Depositary Shares (every five of which represent two Class A Ordinary Shares)
FNMA,22,False,not in symbol directory,
LA,22,False,not in symbol directory,
VOW,22,False,not in symbol directory,
AAII,22,False,not in symbol directory,
SEE,22,False,not in symbol directory,
SAVA,22,False,not in symbol directory,
LIKE,22,False,not in symbol directory,
YET,21,False,not in symbol directory,
SSR,21,False,not in symbol directory,
GNUS,21,False,not in symbol directory,
ALERT,21,False,not in symbol directory,
INRG,21,False,not in symbol directory,
JMP,21,False,not in symbol directory,
FIFO,21,False,not in symbol directory,
FAA,21,False,not in symbol directory,
UFC,21,False,not in symbol directory,
WHEN,21,False,not in symbol directory,
EVERY,21,False,not in symbol directory,
EXPR,21,False,not in symbol directory,
STOP,21,False,not in symbol directory,
VLDR,21,False,not in symbol directory,
OTCQB,21,False,not in symbol directory,
VALUE,20,False,not in symbol directory,
LT,20,False,not in symbol directory,
ACTC,20,False,not in symbol directory,
FORD,20,False,not in symbol directory,
VUSA,20,False,not in symbol directory,
SURF,20,False,not in symbol directory,
XM,20,False,not in symbol directory,
WIRE,20,False,not in symbol directory,
FIRE,20,False,not in symbol directory,
HEAT,20,False,not in symbol directory,
FSKAX,20,False,not in symbol directory,
OP,20,False,ambiguity set,
MINE,20,True,post-2021 IPO,Mayfair Gold Corp. Common Shares
ADMP,20,False,not in symbol directory,
YES,20,False,not in symbol directory,
IMHO,20,False,not in symbol directory,
ARVL,19,False,not in symbol directory,
POC,19,False,not in symbol directory,
ARPU,19,False,not in symbol directory,
STPK,19,False,not in symbol directory,
EDR,19,False,not in symbol directory,
NOKIA,19,False,not in symbol directory,
LLP,19,False,not in symbol directory,
ISI,19,False,not in symbol directory,
WORLD,19,False,not in symbol directory,
COULD,19,False,not in symbol directory,
POSH,19,False,not in symbol directory,
GBP,19,False,not in symbol directory,
RE,19,False,not in symbol directory,
SOL,19,False,not in symbol directory,
HTZGQ,19,False,not in symbol directory,
KEEP,18,False,not in symbol directory,
VGAC,18,False,not in symbol directory,
CAPEX,18,False,not in symbol directory,
IQQH,18,False,not in symbol directory,
TELL,18,False,not in symbol directory,
INDEX,18,False,not in symbol directory,
DA,18,False,not in symbol directory,
CFRA,18,False,not in symbol directory,
VFV,18,False,not in symbol directory,
TAKE,18,False,not in symbol directory,
FTD,18,False,not in symbol directory,
RR,18,True,ambiguity set,Richtech Robotics Inc. - Class B Common Stock
GOED,18,False,not in symbol directory,
TIPS,18,False,not in symbol directory,
VFIAX,18,False,not in symbol directory,
OTHER,18,False,not in symbol directory,
DJI,18,False,not in symbol directory,
CLVS,18,False,not in symbol directory,
NDX,17,False,not in symbol directory,
WWE,17,False,not in symbol directory,
ETC,17,False,not in symbol directory,
EDT,17,False,not in symbol directory,
MMAT,17,False,not in symbol directory,
DOES,17,False,not in symbol directory,
CSP,17,False,not in symbol directory,
PUT,17,False,not in symbol directory,
SPACS,17,False,not in symbol directory,
ITS,17,False,not in symbol directory,
GLTA,17,False,not in symbol directory,
APR,17,False,not in symbol directory,
ROIC,17,False,not in symbol directory,
HEXO,17,False,not in symbol directory,
XLNX,17,False,not in symbol directory,
NDA,17,False,not in symbol directory,
ML,16,False,not in symbol directory,
FLOAT,16,False,not in symbol directory,
OSTK,16,False,not in symbol directory,
DOJ,16,False,not in symbol directory,
NOVA,16,False,not in symbol directory,
SAFE,16,True,post-2021 IPO,Safehold Inc. New Common Stock 
DMA,16,True,ambiguity set,Destra Multi-Alternative Fund Common Stock
AF,16,False,not in symbol directory,
MLB,16,False,not in symbol directory,
SUPER,16,False,not in symbol directory,
SWPPX,16,False,not in symbol directory,
POAHY,16,False,not in symbol directory,
MBA,16,False,not in symbol directory,
HEAR,16,False,not in symbol directory,
NV,16,False,not in symbol directory,
ALSO,16,False,not in symbol directory,
LOTZ,16,False,not in symbol directory,
HEMP,16,False,not in symbol directory,
MJNA,15,False,not in symbol directory,
PV,15,False,not in symbol directory,
LEV,15,False,not in symbol directory,
NVTA,15,False,not in symbol directory,
FUV,15,False,not in symbol directory,
TOTAL,15,False,not in symbol directory,
MOGO,15,False,not in symbol directory,
DISH,15,False,not in symbol directory,
REGI,15,False,not in symbol directory,
IM,15,False,not in symbol directory,
NTDOY,15,False,not in symbol directory,
MNMD,15,False,not in symbol directory,
THCX,15,False,not in symbol directory,
BNPL,15,False,not in symbol directory,
PA,15,False,not in symbol directory,
SL,15,False,not in symbol directory,
MOJO,15,False,not in symbol directory,
SHOW,15,False,not in symbol directory,
AVG,15,False,not in symbol directory,
MAY,15,False,not in symbol directory,
WACC,15,False,not in symbol directory,
OVER,15,False,not in symbol directory,
RECAF,15,False,not in symbol directory,
RMED,15,False,not in symbol directory,
BACK,15,False,not in symbol directory,
ATNF,15,False,not in symbol directory,
STMP,15,False,not in symbol directory,
ESPP,15,False,not in symbol directory,
EPA,15,False,not in symbol directory,
SS,15,False,not in symbol directory,
BK,15,False,not in symbol directory,
TERM,14,False,not in symbol directory,
IC,14,False,not in symbol directory,
XX,14,False,not in symbol directory,
SNCA,14,False,not in symbol directory,
BAD,14,False,not in symbol directory,
ADA,14,False,not in symbol directory,
THERE,14,False,not in symbol directory,
SARS,14,False,not in symbol directory,
CLSH,14,False,not in symbol directory,
RDFN,14,False,not in symbol directory,
GGPI,14,False,not in symbol directory,
WATCH,14,False,not in symbol directory,
SIX,14,False,not in symbol directory,
MWK,14,False,not in symbol directory,
LLNW,14,False,not in symbol directory,
INTO,14,False,not in symbol directory,
INTEL,14,False,not in symbol directory,
VISA,14,False,not in symbol directory,
RMB,14,False,not in symbol directory,
ZEV,14,False,not in symbol directory,
IDEX,14,False,not in symbol directory,
UNDER,14,False,not in symbol directory,
CAP,13,False,not in symbol directory,
RICH,13,False,not in symbol directory,
NHL,13,False,not in symbol directory,
SOLD,13,False,not in symbol directory,
CRTX,13,False,not in symbol directory,
VIE,13,False,not in symbol directory,
GMV,13,False,not in symbol directory,
BODY,13,False,not in symbol directory,
FL,13,False,not in symbol directory,
LMRMF,13,False,not in symbol directory,
AUD,13,False,not in symbol directory,
ASTR,13,False,not in symbol directory,
SNE,13,False,not in symbol directory,
CRASH,13,False,not in symbol directory,
GTT,13,False,not in symbol directory,
DUE,13,False,not in symbol directory,
SOLO,13,False,not in symbol directory,
RIP,13,False,not in symbol directory,
SALE,13,False,not in symbol directory,
FRX,13,False,not in symbol directory,
SSN,13,False,not in symbol directory,
CVAC,13,False,not in symbol directory,
GMBL,13,False,not in symbol directory,
SPLK,13,False,not in symbol directory,
ELY,13,False,not in symbol directory,
AITX,13,False,not in symbol directory,
NA,13,False,not in symbol directory,
CSF,13,False,not in symbol directory,
DXY,13,False,not in symbol directory,
TRXC,13,False,not in symbol directory,
VXRT,13,False,not in symbol directory,
VA,13,False,not in symbol directory,
LED,13,False,not in symbol directory,
HSA,13,False,not in symbol directory,
EBITA,13,False,not in symbol directory,
MOASS,13,False,not in symbol directory,
IIRC,12,False,not in symbol directory,
ASRT,12,False,not in symbol directory,
NMTR,12,False,not in symbol directory,
HTZZ,12,False,not in symbol directory,
CHEAP,12,False,not in symbol directory,
NEEDS,12,False,not in symbol directory,
PENNY,12,False,not in symbol directory,
NSA,12,False,not in symbol directory,
JOIN,12,False,not in symbol directory,
NLST,12,False,not in symbol directory,
CUSIP,12,False,not in symbol directory,
FXAIX,12,False,not in symbol directory,
AGC,12,False,not in symbol directory,
POV,12,False,not in symbol directory,
BFT,12,False,not in symbol directory,
TRIL,12,False,not in symbol directory,
DS,12,False,not in symbol directory,
MANY,12,False,not in symbol directory,
JWN,12,False,not in symbol directory,
BAIDU,12,False,not in symbol directory,
CLASS,12,False,not in symbol directory,
HIV,12,False,not in symbol directory,
FEYE,12,False,not in symbol directory,
RFP,12,False,not in symbol directory,
BOTH,12,False,not in symbol directory,
NIH,12,False,not in symbol directory,
IEA,12,False,not in symbol directory,
EXAS,12,False,not in symbol directory,
NLS,12,False,not in symbol directory,
TOO,12,False,not in symbol directory,
MYOV,12,False,not in symbol directory,
NHTSA,12,False,not in symbol directory,
THEM,12,False,not in symbol directory,
GMC,12,False,not in symbol directory,
DISCK,12,False,not in symbol directory,
LL,12,False,not in symbol directory,
OFF,12,False,not in symbol directory,
IRNT,12,False,not in symbol directory,
LUCID,12,False,not in symbol directory,
MAU,12,False,not in symbol directory,
DFS,12,False,not in symbol directory,
IRBT,12,False,not in symbol directory,
HOL,12,False,not in symbol directory,
NGA,12,False,not in symbol directory,
CCXI,12,True,post-2021 IPO,Churchill Capital Corp XI - Class A Ordinary Shares
GTC,12,False,not in symbol directory,
DAILY,12,False,not in symbol directory,
DIGI,12,False,not in symbol directory,
FFO,11,False,not in symbol directory,
DID,11,False,not in symbol directory,
CHINA,11,False,not in symbol directory,
DIY,11,False,not in symbol directory,
TSNP,11,False,not in symbol directory,
SESN,11,False,not in symbol directory,
CIBC,11,False,not in symbol directory,
IRL,11,False,not in symbol directory,
IRR,11,False,not in symbol directory,
IOS,11,False,not in symbol directory,
EDGAR,11,False,not in symbol directory,
NE,11,True,post-2021 IPO,Noble Corporation plc A Ordinary Shares
MONTH,11,False,not in symbol directory,
THEN,11,False,not in symbol directory,
CRO,11,False,not in symbol directory,
TWNK,11,False,not in symbol directory,
READY,11,False,not in symbol directory,
ISO,11,False,not in symbol directory,
LN,11,False,not in symbol directory,
CNSX,11,False,not in symbol directory,
IPIX,11,False,not in symbol directory,
HESS,11,False,not in symbol directory,
NON,11,False,not in symbol directory,
GTA,11,False,not in symbol directory,
ATL,11,False,not in symbol directory,
COGS,11,False,not in symbol directory,
GLUU,11,False,not in symbol directory,
DNMR,11,False,not in symbol directory,
NVCN,11,False,not in symbol directory,
HC,11,False,not in symbol directory,
LTM,11,True,post-2021 IPO,"LATAM Airlines Group S.A. American Depositary Shares (each representing two thousand (2,000) shares of Common Stock)"
SALES,11,False,not in symbol directory,
AGAIN,11,False,not in symbol directory,
GAXY,11,False,not in symbol directory,
POP,11,False,not in symbol directory,
OG,11,False,not in symbol directory,
MW,11,False,not in symbol directory,
ACY,11,False,not in symbol directory,
PLAN,11,False,not in symbol directory,
GREEN,11,False,not in symbol directory,
SEK,11,False,not in symbol directory,
FLT,11,False,not in symbol directory,
CPG,11,False,not in symbol directory,
VSTO,11,False,not in symbol directory,
VI,11,False,not in symbol directory,
CRTD,11,False,not in symbol directory,
WS,11,True,post-2021 IPO,"Worthington Steel, Inc. Common Shares"
LON,11,False,not in symbol directory,
CNY,11,False,not in symbol directory,
NJ,11,False,not in symbol directory,
BSQR,11,False,not in symbol directory,
FUCK,11,False,not in symbol directory,
GTHX,11,False,not in symbol directory,
WIN,11,False,not in symbol directory,
FAAMG,11,False,not in symbol directory,
CT,11,False,not in symbol directory,
FZILX,11,False,not in symbol directory,
SSPK,11,False,not in symbol directory,
DBKSF,10,False,not in symbol directory,
CHL,10,False,not in symbol directory,
DATA,10,False,not in symbol directory,
LMR,10,False,not in symbol directory,
JAN,10,True,post-2021 IPO,"Janus Living, Inc. Class A-1 Common Stock"
TDLR,10,False,not in symbol directory,
LIDAR,10,False,not in symbol directory,
LESS,10,False,not in symbol directory,
MAPS,10,False,not in symbol directory,
RN,10,False,not in symbol directory,
THINK,10,False,not in symbol directory,
FWIW,10,False,not in symbol directory,
PPS,10,False,not in symbol directory,
CIO,10,False,not in symbol directory,
HFT,10,False,not in symbol directory,
TGLS,10,True,post-2021 IPO,Tecnoglass Holdings Inc. Common Stock
WORTH,10,False,not in symbol directory,
OTRK,10,False,not in symbol directory,
FEB,10,False,not in symbol directory,
PFMT,10,False,not in symbol directory,
CRAZY,10,False,not in symbol directory,
TP,10,True,post-2021 IPO,Ticketplus Ltd. Ordinary Shares
CLDR,10,False,not in symbol directory,
UTMA,10,False,not in symbol directory,
CERN,10,False,not in symbol directory,
LEAST,10,False,not in symbol directory,
JOAN,10,False,not in symbol directory,
YO,10,False,not in symbol directory,
LOWER,10,False,not in symbol directory,
FUEL,10,False,not in symbol directory,
SWN,10,False,not in symbol directory,
HOT,10,False,not in symbol directory,
AFC,10,False,not in symbol directory,
SMART,10,False,not in symbol directory,
NT,10,False,not in symbol directory,
ATT,10,False,not in symbol directory,
WEEKS,10,False,not in symbol directory,
SLR,10,False,not in symbol directory,
TBLT,10,False,not in symbol directory,
SNL,10,False,not in symbol directory,
AFAIK,10,False,not in symbol directory,
AGYP,10,False,not in symbol directory,
DPLS,10,False,not in symbol directory,
DROP,10,False,not in symbol directory,
RSU,10,False,not in symbol directory,
